trial,sharpe,return,drawdown,bet_size,atr_multiplier,use_leverage,plot_path,EMA_Signal,MACD_Signal,BB_RSI_Signal,RSI_Signal,GoldenCross_Signal,Stochastic_Signal,OBV_Signal,VWAP_signal,reddit_smoothed_sentiment_weibull_normalized,news_smoothed_sentiment_weibull_normalized,tele_smoothed_sentiment_weibull_normalized
0,7.450897124075618,2.4897180738653546,-1.4905077548410528,2.375096432634553,0.9399351911305274,False,../data/optuna_backtest_results\trial_0_EMA_15_MACD12_BB_R8_RSI_1_Gold7_Stoc4_OBV_12_VWAP0_redd6_news13_tele15.html,0.1541124560854374,0.12566226139372058,0.08881900672354648,0.0133152996351018,0.07823819114036676,0.048885097489300006,0.12210995014044299,0.009699913238051663,0.0684142400871984,0.1392638974385478,0.15147968662828615
1,-6.9836004151278015,-2.193640062868596,-4.6072983313949045,1.489680678089924,2.039209555544426,False,../data/optuna_backtest_results\trial_1_EMA_7_MACD10_BB_R13_RSI_5_Gold13_Stoc3_OBV_9_VWAP7_redd2_news12_tele14.html,0.07989498420673838,0.1001602102575854,0.1397291140651182,0.054191780696214525,0.13294912494906605,0.0348716520611393,0.09191708628063218,0.07473150112395834,0.024263273675054577,0.12672080760913634,0.14057046507535678
2,-2.7291030678569363,-1.212668010613649,-3.556858274657393,4.715172425365106,1.8090642065105482,False,../data/optuna_backtest_results\trial_2_EMA_10_MACD4_BB_R14_RSI_4_Gold12_Stoc15_OBV_6_VWAP9_redd3_news15_tele3.html,0.10478489341924244,0.04550881354293064,0.14246608187194126,0.049631662737577846,0.1272649798737165,0.15245367379227887,0.063782465254631,0.0915853681411545,0.03579840113226966,0.15479086788243543,0.03193279235182189
3,-2.241804403688767,-7.958335445830123,-27.727773102356924,0.8912308293845521,3.3386529003173724,True,../data/optuna_backtest_results\trial_3_EMA_1_MACD16_BB_R5_RSI_11_Gold3_Stoc4_OBV_13_VWAP15_redd17_news6_tele3.html,0.011740819290134034,0.1635641832369407,0.05722970556954365,0.11745126977034984,0.038053201928489634,0.048976566657457,0.13688785732455278,0.1525578332579808,0.17242097120191888,0.06211507353027497,0.03900251823235771
4,-8.700351209410783,-5.663063291364201,-7.52030941737718,1.6628456040026445,2.9004684138924812,False,../data/optuna_backtest_results\trial_4_EMA_1_MACD11_BB_R11_RSI_9_Gold13_Stoc2_OBV_13_VWAP6_redd12_news12_tele3.html,0.015955599300157462,0.1196991104638534,0.11796134838030897,0.09929563751430318,0.13367679026238852,0.02970450456663688,0.1360199425909362,0.06953256292836374,0.12145492334782218,0.12518429660907823,0.031515284036151246
5,-1.920377652714314,-5.681584732623934,-20.569765092433634,0.7185273803550443,2.756654930888759,True,../data/optuna_backtest_results\trial_5_EMA_13_MACD11_BB_R10_RSI_4_Gold2_Stoc9_OBV_12_VWAP12_redd7_news10_tele4.html,0.1311100965174858,0.11660023408892549,0.1032740346261392,0.047703269559889266,0.021088600468339304,0.09957386082765225,0.1266007670429031,0.12649100858588472,0.07554941080336869,0.10233154390403475,0.04967717357537748
6,2.660025155395543,7.1793443804371915,-16.410172997403727,3.9614240628303783,4.967988413500476,False,../data/optuna_backtest_results\trial_6_EMA_9_MACD5_BB_R4_RSI_10_Gold11_Stoc6_OBV_10_VWAP11_redd12_news4_tele13.html,0.0942499664594336,0.05453718086348482,0.04807570962157394,0.10025649010293033,0.11011574453960349,0.06717551253695635,0.10856385808053877,0.11427015698882034,0.12733499888060534,0.04223967389092163,0.1331807080351314
7,-5.299995475238447,-13.999565103312616,-18.876814563478504,3.314956486608208,4.733653430017381,True,../data/optuna_backtest_results\trial_7_EMA_0_MACD5_BB_R19_RSI_2_Gold14_Stoc18_OBV_9_VWAP12_redd2_news1_tele12.html,0.008840774652528492,0.058197430512817984,0.19373672041420623,0.02754150122911923,0.14012304005621562,0.18082547907198201,0.0952783912248383,0.12799641137060375,0.025419704102821686,0.016504032885203967,0.12553651447966274
8,3.0148249296323133,2.3630522637626328,-6.232397678450885,1.335973319813755,1.8822525707741702,True,../data/optuna_backtest_results\trial_8_EMA_10_MACD9_BB_R4_RSI_11_Gold13_Stoc10_OBV_3_VWAP8_redd9_news14_tele5.html,0.10567829701885775,0.09050882584948619,0.0475441159123036,0.11313345954187416,0.13797481803800085,0.10194229753619304,0.0369681634502417,0.08045574267163752,0.0906853184911279,0.14101509086763184,0.05409387062264538
9,-1.5776319699331534,-0.2722899626381836,-0.9909926914976497,4.501326835113636,0.7941874996360325,True,../data/optuna_backtest_results\trial_9_EMA_5_MACD15_BB_R5_RSI_11_Gold11_Stoc8_OBV_1_VWAP2_redd11_news11_tele14.html,0.05913477307828251,0.15477599001714626,0.05925279456405942,0.11497022205511004,0.11419121602624965,0.08100258764863809,0.015384127266265106,0.027411034566196462,0.1151317513195071,0.11176184359663487,0.14698365986191056
10,3.000037208559523,1.9662254674879254,-3.3229570992270863,2.517941582193657,0.5801729119122259,False,../data/optuna_backtest_results\trial_10_EMA_27_MACD0_BB_R1_RSI_0_Gold10_Stoc0_OBV_27_VWAP0_redd10_news3_tele16.html,0.27894656092139153,0.0022672268318264994,0.014127313755368026,0.0018743481294157683,0.10249897918401268,0.003092826907692261,0.2798809199563181,0.008630799696751831,0.10641007627439397,0.032868041686194574,0.16940290665663477
11,2.775050180762055,1.2913072710383222,-4.179475955167778,2.4234162285945224,1.3670667193460222,True,../data/optuna_backtest_results\trial_11_EMA_13_MACD11_BB_R2_RSI_13_Gold14_Stoc10_OBV_2_VWAP3_redd8_news14_tele5.html,0.13613028583118336,0.11199727212560577,0.02001283986794156,0.13967223910639706,0.14219213182502521,0.10228683851654578,0.024088308943682604,0.03931810994539242,0.08406323857950398,0.14094968013642992,0.05928905512229237
12,-3.302907213782952,-1.3339171932827187,-3.3612979980383706,1.742031669932722,1.5361817060652858,False,../data/optuna_backtest_results\trial_12_EMA_15_MACD8_BB_R9_RSI_16_Gold9_Stoc6_OBV_4_VWAP4_redd8_news15_tele0.html,0.150597662924392,0.08957799162201617,0.09696331490346807,0.1607839176966503,0.09338775278076186,0.06614680640177747,0.04304802369033267,0.04876161581795917,0.0868563152515862,0.1598287681876827,0.004047830723373419
13,-1.7981324531761433,-1.8626250270494027,-5.991270947602933,3.212371744751367,1.1512450286009406,True,../data/optuna_backtest_results\trial_13_EMA_12_MACD12_BB_R3_RSI_6_Gold6_Stoc10_OBV_4_VWAP10_redd12_news12_tele9.html,0.12573692018688537,0.12026281640888452,0.03374741159087425,0.06437411476402402,0.06054913360905991,0.10651785503428321,0.04342024265069828,0.10600371155167242,0.12106110221980332,0.12116499030099963,0.09716170168281507
14,0.6481472298759957,0.435185422173312,-6.093589560696677,2.1253784252450454,2.209118159326387,True,../data/optuna_backtest_results\trial_14_EMA_9_MACD10_BB_R11_RSI_8_Gold5_Stoc15_OBV_10_VWAP0_redd5_news16_tele7.html,0.09702856218709056,0.1018118042030902,0.1123869419785408,0.08558490007722476,0.05160227173460526,0.15921734744402086,0.10224368369114974,0.002986768162704307,0.051857099801767524,0.16007777481727065,0.07520284590253533
15,2.567702571605269,0.7990444425549192,-1.6473471401641127,1.2187121058135337,3.7776315156063403,False,../data/optuna_backtest_results\trial_15_EMA_10_MACD6_BB_R7_RSI_16_Gold17_Stoc11_OBV_0_VWAP4_redd0_news11_tele12.html,0.10127002807146891,0.06966995590259517,0.07940374678942295,0.162110238154415,0.17677898525390248,0.1160065122178595,0.0077604167244063205,0.04637326247208885,0.00020491525517551897,0.11175483149498307,0.12866710766368217
16,-0.5418225883219252,-1.2167631334034978,-16.24183629698326,3.0114979781181868,2.3859545944621523,False,../data/optuna_backtest_results\trial_16_EMA_20_MACD17_BB_R6_RSI_3_Gold0_Stoc0_OBV_7_VWAP9_redd13_news10_tele8.html,0.2076665585068877,0.1766274481817438,0.06113310454699989,0.037350319680599334,0.00305794863004316,0.00752023495738129,0.0782916443607409,0.09487566928528725,0.13958043100599196,0.10829548524655096,0.08560115559777379
17,-3.758603189870973,-2.107990363165624,-5.049431242963176,2.003409146505716,1.0222104862614525,True,../data/optuna_backtest_results\trial_17_EMA_5_MACD13_BB_R6_RSI_8_Gold7_Stoc5_OBV_9_VWAP10_redd9_news10_tele12.html,0.05638246395145368,0.13279542132956695,0.06905788206343742,0.08541398395142966,0.07947033903251191,0.05522003038706308,0.09283198338692626,0.10973804171406394,0.0901387288527622,0.10660425418619537,0.12234687114458948
18,-0.627800277714913,-0.22206557569933727,-2.476885040625565,0.5249234559868867,1.6220012498794891,False,../data/optuna_backtest_results\trial_18_EMA_8_MACD13_BB_R0_RSI_5_Gold8_Stoc11_OBV_13_VWAP2_redd11_news12_tele13.html,0.08979114018893632,0.13388729326081608,2.4389654196490433e-05,0.05638846495083078,0.08883353239294416,0.11124795748148912,0.13190998397710943,0.020899043760897587,0.1143719534057146,0.12041696938203877,0.13222927154502664
19,-0.4026459220392432,-1.011171211058115,-20.109863994287824,1.1408426487886132,2.424844386088751,True,../data/optuna_backtest_results\trial_19_EMA_11_MACD9_BB_R10_RSI_14_Gold7_Stoc6_OBV_6_VWAP14_redd4_news11_tele0.html,0.1191477212527086,0.09872854841191735,0.1056129629422402,0.1472422469916353,0.07856491756841212,0.06317158253709909,0.06597611817060313,0.14940894070160943,0.04897248304166689,0.11927546515996348,0.0038990132221443873
0,-4.9048370113970545,-2.6876859889352067,-6.111306101068137,2.6782132790179105,1.0284898507843567,True,../data/optuna_backtest_results\trial_0_EMA_4_MACD9_BB_R9_RSI_9_Gold0_Stoc10_OBV_9_VWAP10_redd9_news17_tele8.html,0.044453080224738845,0.09555391225551949,0.09916352131911031,0.09748238441914935,0.00629369735568736,0.1045800142325767,0.0901357721251029,0.10265402056829316,0.09820503613756613,0.17206783126333217,0.08941073009892365
1,-5.598285756819462,-5.884360130359589,-8.94106414146395,4.481897838320247,2.8707419322825785,False,../data/optuna_backtest_results\trial_1_EMA_3_MACD12_BB_R13_RSI_2_Gold13_Stoc8_OBV_12_VWAP11_redd8_news3_tele10.html,0.03408586795476217,0.12473814343450365,0.13347979649650504,0.028570857095512273,0.13244037842997244,0.08686095838128036,0.1240272697728073,0.11585862125777972,0.08188988551644051,0.03111252687089096,0.10693569478954557
2,-2.8027859976428284,-0.7536366338572797,-2.3893010389991587,1.7009995217072134,0.9434027617736833,False,../data/optuna_backtest_results\trial_2_EMA_13_MACD13_BB_R2_RSI_17_Gold0_Stoc9_OBV_6_VWAP3_redd15_news0_tele16.html,0.13350786355700053,0.13880666917969658,0.023179187367571977,0.17762309786440397,0.00879163601315127,0.09537568564973091,0.0609195388164498,0.03878316139875251,0.15368005934355258,0.00430291490937162,0.1650301859003182
3,0.8119036716298468,0.5807570310434107,-8.01589978855568,2.54212857486783,2.063201748305045,True,../data/optuna_backtest_results\trial_3_EMA_10_MACD9_BB_R0_RSI_17_Gold17_Stoc1_OBV_4_VWAP7_redd5_news15_tele10.html,0.10401592777538424,0.09588901332007885,0.005193194174635251,0.17507029000944185,0.17979308939939995,0.019343659782844063,0.04277029635424871,0.0730109793312344,0.05137224163652211,0.15345653738049342,0.10008477083571711
4,-9.4572101835539,-2.8684557207476424,-4.095150002442938,3.7289140834824757,1.315062610644614,False,../data/optuna_backtest_results\trial_4_EMA_3_MACD8_BB_R16_RSI_13_Gold4_Stoc9_OBV_18_VWAP0_redd0_news4_tele19.html,0.035090002425083214,0.08308107403018228,0.1665691772889389,0.13052543918964477,0.04077520709619001,0.09599169905262556,0.18992583651013775,0.008565063008797853,0.009713595805622637,0.04436949860816214,0.19539340698461485
5,2.064238584968216,0.515081568088771,-1.87616755611002,3.0931833614614304,1.011447358229489,False,../data/optuna_backtest_results\trial_5_EMA_10_MACD8_BB_R11_RSI_8_Gold6_Stoc10_OBV_6_VWAP5_redd14_news14_tele2.html,0.10735744962800924,0.0819421970535392,0.11431955874929506,0.08664203894589233,0.062006920837969735,0.10497267772821028,0.0673569891899997,0.05829098787225518,0.1480184179140758,0.14469758609755456,0.02439517598319898
6,2.253225435864898,0.8613677781082574,-2.200045476655832,3.2589357752115795,0.6239684233617364,True,../data/optuna_backtest_results\trial_6_EMA_0_MACD8_BB_R13_RSI_7_Gold3_Stoc15_OBV_0_VWAP13_redd0_news18_tele16.html,0.004018843596198283,0.08725751074221967,0.13211320917634564,0.07748963374564588,0.03739999357709235,0.15492569090359692,0.00617072139597193,0.13943217421812348,0.005116163944613385,0.1874052359746339,0.1686708227255585
7,-3.237781388537771,-4.604657570816428,-12.444425143501835,1.0568383931376593,2.2301950939720303,False,../data/optuna_backtest_results\trial_7_EMA_8_MACD7_BB_R11_RSI_14_Gold3_Stoc4_OBV_13_VWAP14_redd0_news5_tele16.html,0.0807206711240508,0.07760944187323636,0.11277316477277956,0.1470877161387827,0.031338581996900525,0.04744748396769103,0.13053027140326257,0.14759568068709183,0.007757232252798001,0.05345809866464459,0.1636816571187621
8,-1.741239207104639,-5.457030540526542,-24.409258281021597,4.26920798170997,2.7874839083813394,True,../data/optuna_backtest_results\trial_8_EMA_14_MACD4_BB_R6_RSI_6_Gold0_Stoc16_OBV_13_VWAP5_redd6_news10_tele16.html,0.14204343685914944,0.04944171739485543,0.06021581965012596,0.06839915938609752,0.00772511698603302,0.16149290839235853,0.13078677546890427,0.05666615951718475,0.06016825254214138,0.10012162233737854,0.16293903146577118
9,-11.901691239671436,-4.219234532346827,-4.929553725094149,1.9080648381622012,2.2762219076250765,False,../data/optuna_backtest_results\trial_9_EMA_3_MACD16_BB_R9_RSI_0_Gold7_Stoc4_OBV_15_VWAP1_redd10_news15_tele15.html,0.030550702594409687,0.160133698669769,0.0944895869796851,0.006678201487895621,0.07013880914581268,0.049895215893274586,0.15151523527399413,0.014485423082452542,0.10676161593791492,0.15608311868486316,0.15926839224992864
10,4.832396564196573,19.95160550160666,-29.231624792981837,3.5609975066176958,4.407679617199289,True,../data/optuna_backtest_results\trial_10_EMA_15_MACD0_BB_R16_RSI_5_Gold10_Stoc15_OBV_0_VWAP16_redd4_news11_tele4.html,0.15766076283951383,0.005159573232850616,0.1612900092981149,0.05226208744645488,0.10613070670541211,0.15765431003441932,0.001095121618319445,0.16453874328906498,0.040419903616534636,0.1133031658303181,0.04048561608899721
11,3.315855796038712,13.843927076696483,-28.535921545546337,3.5453982443609977,4.718419092967994,True,../data/optuna_backtest_results\trial_11_EMA_16_MACD0_BB_R15_RSI_5_Gold11_Stoc15_OBV_0_VWAP15_redd3_news11_tele3.html,0.16530739754883367,0.006050038548273251,0.15834825883560974,0.05663825854748283,0.11540290984455616,0.15191057252973492,0.0016585727985786167,0.15881076837981145,0.0383596408879453,0.11144019152135336,0.03607339055782069
12,3.30639185211095,14.018369667764796,-27.8974478762018,4.99702332793288,4.934947432298337,True,../data/optuna_backtest_results\trial_12_EMA_16_MACD0_BB_R16_RSI_4_Gold11_Stoc16_OBV_0_VWAP16_redd4_news10_tele3.html,0.1656950350434912,0.0016188510246436013,0.16587219593867542,0.042568844327983156,0.11086455293414475,0.16564914462007505,0.0016981766930060417,0.1635545142555155,0.047601128262398915,0.10275023655898288,0.032127320341083475
13,3.0568886383076004,13.092677620272507,-27.158094623862517,3.8041248192345973,4.905329927115145,True,../data/optuna_backtest_results\trial_13_EMA_16_MACD0_BB_R16_RSI_2_Gold9_Stoc16_OBV_2_VWAP16_redd3_news10_tele5.html,0.1627904808322347,0.0028898580126505147,0.16651524914024532,0.02452317903183934,0.09474315456710641,0.16523039277442586,0.026794185799138816,0.16520167171050282,0.032957833432840464,0.10477028499673088,0.05358370970228476
14,5.71857533484542,22.23946398431762,-22.827245575301603,3.5911792919071512,4.046431223600249,True,../data/optuna_backtest_results\trial_14_EMA_16_MACD3_BB_R7_RSI_6_Gold14_Stoc14_OBV_2_VWAP16_redd7_news10_tele0.html,0.1614765944716031,0.03461587437730476,0.07284211375860473,0.06836952795278127,0.1438018141079471,0.1491027548306701,0.02330959727798812,0.1647005779989946,0.07746778785573734,0.10108815901622024,0.003225198352148748
15,0.828348831005507,3.290473403860883,-30.396987581392075,4.11342072574336,3.8465128196389364,True,../data/optuna_backtest_results\trial_15_EMA_14_MACD4_BB_R6_RSI_7_Gold17_Stoc13_OBV_2_VWAP15_redd8_news7_tele1.html,0.14512959526310545,0.04179242253440218,0.06655302940194506,0.07983820666377235,0.17528704435063217,0.1314408247955789,0.02848087907894435,0.15533680699941715,0.086515268313682,0.0778337689073847,0.011792153691135695
16,1.563244730864519,5.808445986252009,-26.2554043666401,2.2144916471375353,3.969303241448255,True,../data/optuna_backtest_results\trial_16_EMA_16_MACD4_BB_R8_RSI_5_Gold16_Stoc15_OBV_7_VWAP11_redd7_news7_tele0.html,0.1652063647780289,0.04065519919357758,0.08003921933944703,0.051037508082707274,0.1665479570514534,0.15153416509679757,0.07268123786012619,0.11474970394140402,0.07761718965510989,0.07714489741052738,0.002786557590820723
17,2.749229806386635,11.174126234988456,-29.67686223880035,3.102464981186706,3.9333881238176294,True,../data/optuna_backtest_results\trial_17_EMA_15_MACD2_BB_R3_RSI_12_Gold10_Stoc15_OBV_2_VWAP15_redd2_news13_tele5.html,0.15657889664833374,0.021786610155725073,0.03790168557696486,0.1248167169592796,0.10228551302894483,0.15714554041810957,0.024009886374371472,0.15622445845837982,0.026451607348353143,0.13342424575457806,0.059374839276959815
18,-0.47388969224428446,-1.4542537108358844,-24.894302646542798,4.905769369051985,3.402785815618639,True,../data/optuna_backtest_results\trial_18_EMA_8_MACD5_BB_R9_RSI_1_Gold14_Stoc13_OBV_8_VWAP13_redd7_news10_tele6.html,0.08231653554834432,0.05936193483610709,0.09732885279146274,0.011596554139398826,0.14183219321933227,0.1369001925684393,0.0882340759481079,0.1300394989819836,0.07874561847120887,0.1089091434504896,0.06473540004512554
19,1.248414118352132,3.565857661778815,-15.843679884578677,1.259029026098628,4.242379619742203,True,../data/optuna_backtest_results\trial_19_EMA_13_MACD2_BB_R4_RSI_4_Gold15_Stoc16_OBV_5_VWAP8_redd17_news9_tele1.html,0.13411938377454224,0.024259862241471464,0.040181099201903624,0.045344168538153845,0.15488806042794076,0.16374597724066095,0.05219472826318796,0.08702468157850458,0.17863040747583103,0.09998476193225693,0.01962686932554666
20,3.2536957771003743,12.36988041553808,-26.52913053455366,0.5992850226007373,3.3548657623518636,True,../data/optuna_backtest_results\trial_20_EMA_15_MACD5_BB_R7_RSI_6_Gold5_Stoc10_OBV_9_VWAP15_redd10_news6_tele6.html,0.15418705344920453,0.053428069856601465,0.07916108201787918,0.064551423036016,0.05944159774387716,0.10108013349570935,0.09327205117647366,0.1511030736756539,0.10911157775144589,0.06828795788635089,0.06637597991078802
21,5.418249473781769,22.26116125675577,-27.842002422217327,3.605124585935786,4.56691130028182,True,../data/optuna_backtest_results\trial_21_EMA_15_MACD1_BB_R14_RSI_5_Gold11_Stoc15_OBV_1_VWAP15_redd2_news11_tele3.html,0.15365673202143476,0.015807789128362303,0.14891539889065364,0.053662936145065815,0.11521095777119739,0.1544771378519732,0.013620223039074265,0.15865022184903713,0.029492839852073297,0.11895615186397203,0.03754961158715613
22,5.033487657018347,19.002932499455948,-25.923652636283222,3.4370357645397256,4.268407193451819,True,../data/optuna_backtest_results\trial_22_EMA_15_MACD2_BB_R14_RSI_8_Gold10_Stoc15_OBV_1_VWAP13_redd2_news12_tele3.html,0.15396591682911728,0.02089435547543926,0.14012306601692046,0.08037735840388309,0.10456860679993986,0.15412299149980255,0.018814342708333258,0.1376769444109834,0.025404295530352665,0.12445038032423772,0.03960174200099053
23,0.8072047823970363,3.0704654082517324,-27.07822924837535,4.039791818661937,4.357185672163867,True,../data/optuna_backtest_results\trial_23_EMA_13_MACD2_BB_R15_RSI_8_Gold9_Stoc14_OBV_1_VWAP14_redd2_news15_tele0.html,0.13548075794781478,0.028350181820261285,0.15968205885115605,0.08983411343098362,0.09182772545029921,0.14834753041057827,0.018038530496583112,0.14829270821084503,0.024129138132880274,0.15103317530551744,0.004984079943080874
24,8.010603828945388,18.795167557092164,-8.984576899973051,3.275271133610021,3.329091110421797,True,../data/optuna_backtest_results\trial_24_EMA_14_MACD1_BB_R10_RSI_9_Gold11_Stoc11_OBV_3_VWAP11_redd6_news11_tele7.html,0.14290575055649232,0.01799471311188641,0.1092577466877664,0.09772976552635555,0.11977707429498853,0.11367069722105827,0.037028664802779256,0.11135230538445066,0.061893605181282646,0.11794817151381663,0.07044150571912332
25,5.173952811596248,10.135503166848192,-11.613518673677635,2.8319104743118397,3.430980376533367,True,../data/optuna_backtest_results\trial_25_EMA_12_MACD5_BB_R9_RSI_9_Gold11_Stoc10_OBV_3_VWAP10_redd6_news13_tele6.html,0.12124970080463444,0.051802861822151845,0.09585323343621571,0.0942233717014701,0.11855972491156895,0.10632162777517286,0.036306501530687735,0.10918559455513212,0.0643510878709598,0.1388521243646078,0.06329417122739858
26,-0.839521244415087,-2.241332844459709,-14.820246511744106,4.4738891042653846,3.6291387859329856,True,../data/optuna_backtest_results\trial_26_EMA_9_MACD1_BB_R11_RSI_10_Gold13_Stoc11_OBV_4_VWAP13_redd5_news7_tele9.html,0.09467639169706946,0.01603131895370057,0.11723371137133931,0.10958919806125,0.13454011393280815,0.11515743573601178,0.04970340896800979,0.13728599092875454,0.055702412689570366,0.07405055167406425,0.09602946598742176
27,5.049175090875823,14.620103908307392,-19.50040358299836,2.9644745075109364,3.2093574748437304,True,../data/optuna_backtest_results\trial_27_EMA_17_MACD3_BB_R16_RSI_10_Gold13_Stoc0_OBV_3_VWAP9_redd10_news13_tele2.html,0.17006292147495308,0.03539274563116995,0.16037463801826748,0.10472793705588503,0.13553485824379535,0.0007277699042966685,0.035755070822413214,0.09634780768955377,0.10523319720708048,0.13136925561195775,0.02447379834062719
28,6.044582231219714,6.143687324217795,-6.31737852863361,2.3350756396709214,3.096139364726771,True,../data/optuna_backtest_results\trial_28_EMA_11_MACD11_BB_R10_RSI_13_Gold12_Stoc9_OBV_1_VWAP9_redd4_news8_tele6.html,0.1194051607623648,0.11922288533442651,0.10373854815702818,0.13944794908910543,0.12832250661461264,0.09474385237799979,0.011725238116215604,0.09391917940447433,0.04722530018370343,0.08131073062908971,0.06093864933097949
29,1.2088926442148435,1.4859018271139002,-8.159662657017774,2.5826752736411502,2.993663383552196,True,../data/optuna_backtest_results\trial_29_EMA_9_MACD13_BB_R7_RSI_12_Gold12_Stoc7_OBV_6_VWAP8_redd7_news7_tele6.html,0.09250573927084814,0.13688878500063076,0.0722761003149472,0.12421455887524575,0.12358471209820582,0.0786384882025692,0.06473608072401459,0.08077930933183632,0.07804449054007986,0.07849674168587004,0.0698349939557523
30,2.9067714465995946,2.018471416029377,-5.949956876834051,2.245879074953025,2.478248318033732,True,../data/optuna_backtest_results\trial_30_EMA_6_MACD11_BB_R9_RSI_13_Gold10_Stoc8_OBV_7_VWAP8_redd9_news10_tele5.html,0.06338415638732493,0.11069287340450283,0.0935516515591069,0.13095651069382466,0.10650972845495803,0.08247806709063635,0.0700746341353642,0.08242462367952638,0.09897799751988615,0.10424796167866267,0.05670179539620687
31,0.8830661723775082,1.8945057285151057,-16.183013686956194,3.8909722209171616,3.6505618309784236,True,../data/optuna_backtest_results\trial_31_EMA_13_MACD10_BB_R10_RSI_2_Gold16_Stoc11_OBV_1_VWAP11_redd5_news7_tele9.html,0.13855589937941784,0.10110482072800092,0.10827900915655235,0.02905968842235435,0.16232157195083485,0.11458012321107171,0.01165125453189349,0.11340890665400401,0.052693606716627275,0.07341343362073109,0.0949316856285121
32,5.452480202761701,13.198782092136806,-12.027065616701659,3.35908786901015,4.545704992037005,True,../data/optuna_backtest_results\trial_32_EMA_12_MACD12_BB_R14_RSI_1_Gold12_Stoc8_OBV_1_VWAP12_redd7_news9_tele7.html,0.12147458096999364,0.12532967237384604,0.14383993563270295,0.018529594845964288,0.12312401751053496,0.0878239996557734,0.013487403521660802,0.12158020556957126,0.07639828642104401,0.09361350460406567,0.07479879889484303
33,0.9120891367253007,1.4473677759111458,-13.464400212330307,2.3507015450746795,3.0294294113627123,True,../data/optuna_backtest_results\trial_33_EMA_10_MACD11_BB_R10_RSI_12_Gold11_Stoc5_OBV_3_VWAP10_redd7_news8_tele6.html,0.10831082286266036,0.11757463160472992,0.10797883081232591,0.1229506408049573,0.11294620939394893,0.05659050152814659,0.038292267608206025,0.10697874775967324,0.07210215483492112,0.08793458285580497,0.06834060993462562
34,2.5727590975894015,3.7762731849652065,-7.347817458653805,3.2713064560900205,4.1168794061700105,False,../data/optuna_backtest_results\trial_34_EMA_14_MACD12_BB_R7_RSI_2_Gold16_Stoc9_OBV_3_VWAP7_redd7_news5_tele12.html,0.14230958286463752,0.12042984475846719,0.0760720178747269,0.023523866266631978,0.16248665401261145,0.09434382542278054,0.035214262037255986,0.07964015022753278,0.07972006666580657,0.05894422924111949,0.12731550062842958
35,-0.6652235354017055,-1.1844593472641107,-13.021370514121,2.7578053590316127,3.6602361428547723,True,../data/optuna_backtest_results\trial_35_EMA_7_MACD12_BB_R7_RSI_13_Gold11_Stoc7_OBV_4_VWAP10_redd7_news7_tele9.html,0.07809644934076487,0.12878743369984863,0.07413569216674376,0.13497770623873326,0.11859358504377608,0.07303316294366036,0.04334746426629262,0.10853341795743554,0.07160300557333753,0.07212595448400465,0.09676612828540276
36,-2.7031133255907953,-0.7555996298390766,-2.3997658920290377,1.911794973825778,1.5887427319825456,False,../data/optuna_backtest_results\trial_36_EMA_5_MACD14_BB_R5_RSI_15_Gold18_Stoc7_OBV_3_VWAP12_redd6_news1_tele10.html,0.05475376733823337,0.14035091717317355,0.05970986693622512,0.1585452836924393,0.18373406101100928,0.07126916642797701,0.03168191692843079,0.12076958568600438,0.06443395263642267,0.01404260611654322,0.10070887605354138
37,0.03312065897734551,0.029679116741143652,-8.14775681959249,3.3735338755970843,2.6250371869320084,True,../data/optuna_backtest_results\trial_37_EMA_10_MACD8_BB_R11_RSI_10_Gold11_Stoc9_OBV_1_VWAP8_redd8_news9_tele9.html,0.10374442945620947,0.08999138130509103,0.11901237299978487,0.10635068471466241,0.11465965643489978,0.09541075652745291,0.011839825960994418,0.08877060927033865,0.08430861720446246,0.09033931960825832,0.09557234651784559
38,-0.5775163183865012,-1.6503858784450598,-22.341799030576393,2.5691563562360864,4.59483119010939,False,../data/optuna_backtest_results\trial_38_EMA_13_MACD10_BB_R9_RSI_0_Gold13_Stoc6_OBV_11_VWAP10_redd6_news11_tele5.html,0.13854941261400414,0.10032584645416029,0.09805314048852534,0.0004451647956032297,0.13520948646026595,0.06873288525590526,0.1166138809266175,0.10858522513781002,0.06453068307040305,0.11419294310718954,0.05476133168951568
39,2.1136066192353393,4.216409824570122,-12.135782250409433,3.038685148952365,3.1677594791773314,True,../data/optuna_backtest_results\trial_39_EMA_12_MACD12_BB_R8_RSI_7_Gold9_Stoc9_OBV_3_VWAP11_redd11_news6_tele6.html,0.121478385975247,0.12589227750852428,0.08962233080119472,0.0761437456493694,0.09205321058203618,0.09503819965310754,0.03494185525331396,0.1190291290463878,0.110406189614147,0.06691280701737214,0.06848186889929997
40,0.756406393574094,0.8188487571705982,-9.112283042031121,1.5893827817699753,1.6777205532456958,True,../data/optuna_backtest_results\trial_40_EMA_11_MACD7_BB_R1_RSI_15_Gold10_Stoc11_OBV_1_VWAP10_redd6_news17_tele5.html,0.11863649458660795,0.07822415127668562,0.010613974376749139,0.15548856823499016,0.10451386278306775,0.11031072255009709,0.012061197793027112,0.10731679166071546,0.06708204350849412,0.17770087548662275,0.05805131774294282
41,2.3823972473672885,9.738174685081002,-29.21620510016393,3.7945997782404146,4.582815456766105,True,../data/optuna_backtest_results\trial_41_EMA_14_MACD1_BB_R14_RSI_3_Gold13_Stoc13_OBV_1_VWAP14_redd4_news11_tele7.html,0.144679256634814,0.01274914257353569,0.14961415296381803,0.032265905804212916,0.1309059470339361,0.13633003001555136,0.017518942053874775,0.14802811331686544,0.04302915434629346,0.1119070354892434,0.07297231976785488
42,4.667400436416362,18.890900190044334,-27.018950120304762,3.6165991552297543,4.695192944169177,True,../data/optuna_backtest_results\trial_42_EMA_15_MACD1_BB_R13_RSI_6_Gold11_Stoc12_OBV_1_VWAP15_redd1_news11_tele9.html,0.15448023405206282,0.012842365670016209,0.13843848722625393,0.06439525855125514,0.11707570827520411,0.12521411118784512,0.010065454292787454,0.15149580181441574,0.014748304075570004,0.11560654214510228,0.09563773270948718
43,1.8473077376426164,4.592686919528544,-13.170039793139255,3.164297623945423,4.087288862881696,True,../data/optuna_backtest_results\trial_43_EMA_11_MACD11_BB_R13_RSI_1_Gold12_Stoc14_OBV_3_VWAP11_redd6_news11_tele4.html,0.11718968075491469,0.11137528711615591,0.13010851288278083,0.016295431418809618,0.1284010714249259,0.14074598018848433,0.03137834741929455,0.11021338239007748,0.062036120604727775,0.11196860208910998,0.040287583710718895
44,-4.930261147237929,-10.667434433620127,-16.7114657015779,2.859485802850024,4.436853675085573,True,../data/optuna_backtest_results\trial_44_EMA_0_MACD10_BB_R15_RSI_6_Gold13_Stoc17_OBV_2_VWAP13_redd3_news13_tele3.html,0.0035758336496599786,0.10531387579379313,0.15964131021841424,0.06070808246496152,0.1306926596689959,0.17089366945257217,0.02508652266744015,0.13572774902398438,0.03783109549883614,0.13262556240104503,0.037903639160297396
45,3.4908882618634336,5.699196208229695,-8.520341634152862,4.1980675954797135,3.7952383062164756,False,../data/optuna_backtest_results\trial_45_EMA_12_MACD7_BB_R15_RSI_7_Gold13_Stoc10_OBV_0_VWAP13_redd4_news9_tele5.html,0.1261165914042565,0.0763997431890644,0.15251462330010662,0.07181631027893735,0.13316716486530672,0.10681475580725895,1.5916206749431375e-05,0.136171608075736,0.0438286666876741,0.09337682135245318,0.0597777988324567
46,0.36661590131795907,1.5392100437579215,-28.440406388901017,4.523146638748257,4.868429489901018,True,../data/optuna_backtest_results\trial_46_EMA_12_MACD13_BB_R10_RSI_3_Gold10_Stoc11_OBV_14_VWAP13_redd0_news9_tele1.html,0.12397706924833056,0.13746493391931075,0.10721069668753974,0.03169041570501832,0.10046678343542456,0.11520847153353994,0.14317624812874719,0.13712659096744698,0.0001440105615877101,0.09130539399789803,0.012229385815156263
47,5.290138526892897,4.138305846996682,-5.295615406101117,3.434264683180948,2.618622221283498,True,../data/optuna_backtest_results\trial_47_EMA_12_MACD3_BB_R16_RSI_10_Gold10_Stoc12_OBV_0_VWAP5_redd10_news14_tele3.html,0.12065795478387727,0.03094503121623312,0.16944107689947133,0.1018630566130848,0.10321477593660602,0.12768232302987995,0.00837389777313993,0.05106409817968134,0.1080482731687945,0.14823017065945399,0.03047934173977775
48,0.5049629514704955,1.7543687238983585,-30.871545985617963,2.385658691387802,2.8539833742673655,True,../data/optuna_backtest_results\trial_48_EMA_16_MACD4_BB_R9_RSI_5_Gold13_Stoc7_OBV_2_VWAP17_redd9_news4_tele8.html,0.16968925090976936,0.04245434456290341,0.099397801602297,0.05466420831903546,0.13051546568085487,0.0785062865892152,0.023999250005752187,0.1748075403705563,0.09280187755643063,0.04507597718338195,0.08808799721980366
49,1.5186023752387823,3.7739062564156267,-16.121493552346443,3.659807795857732,4.099185891760837,False,../data/optuna_backtest_results\trial_49_EMA_13_MACD0_BB_R11_RSI_5_Gold14_Stoc12_OBV_5_VWAP11_redd6_news13_tele4.html,0.13693076097979315,0.008972210565336404,0.1169307196270434,0.05417103586274882,0.1402896185022354,0.12665772462394775,0.05498341855824828,0.11316126827277977,0.0691167173295487,0.1358322553767079,0.04295427030161048
